{"cameraMode":{"drawMode":0,"name":"Shaded","section":"Shading Mode"},"sceneLighting":true,"audioPlay":false,"sceneViewState":{"m_AlwaysRefresh":false,"showFog":true,"showSkybox":true,"showFlares":true,"showImageEffects":true,"showParticleSystems":true,"showVisualEffectGraphs":true,"m_FxEnabled":true},"in2DMode":false,"pivot":{"x":15.962727546691895,"y":2.434419631958008,"z":-6.916396617889404},"rotation":{"x":0.5986524224281311,"y":0.05373946577310562,"z":-0.04028826951980591,"w":0.7982049584388733},"size":13.096770286560059,"orthographic":false}